iterlimit,metric1,metric2,metric3
25,0.9,0.4864781380434299,0.3798559557704637
20,0.9,1.866581371923263,1.8170860034465046
15,0.75,0.5315269391702648,-0.7963854239700272
10,0.9,0.9589875812154011,0.8671382209583375
5,0.35,3.6506751939620306,3.5152562792815294
