temperature,mtr1,mtr2,mtr3
0.2,1.0,0.8883333333333334,0.7733333333333334
0.5,1.0,0.85,0.75
0.8,0.98,0.8469387755102041,0.7193877551020408
1.1,1.0,0.84,0.76
1.4,1.0,0.85,0.765
1.7,1.0,0.855,0.755
2,0.98,0.8775510204081632,0.6938775510204082
