temperature,mtr1,mtr2,mtr3
0.2,1.0,0.9218333333333334,0.9218333333333334
0.5,1.0,0.9218333333333334,0.9218333333333334
0.8,1.0,0.9138333333333333,0.9138333333333333
1.1,1.0,0.9383333333333335,0.9383333333333335
1.4,1.0,0.9068333333333334,0.8901666666666667
1.7,1.0,0.9151666666666668,0.9085000000000001
2,1.0,0.9398333333333333,0.934
