temperature,mtr1,mtr2,mtr3
0.2,1.0,0.6314299691091398,-13.724335398988542
0.5,1.0,0.8168170024240687,-2.256828485273471
0.8,1.0,0.20336138918245067,-0.717910707482419
1.1,1.0,0.24082449663712707,-0.49946898129644124
1.4,1.0,0.24285027544322874,-3.5916116338729744
1.7,0.98,0.16587401311672378,-0.20174789936209822
2,1.0,0.1835239324333513,-0.30623554359984717
