temperature,mtr1,mtr2,mtr3
0.2,0.89,0.8089887640449438,0.6179775280898876
0.5,0.86,0.8488372093023255,0.6976744186046512
0.8,0.89,0.7752808988764045,0.550561797752809
1.1,0.87,0.8275862068965517,0.6551724137931034
1.4,0.87,0.8275862068965517,0.6551724137931034
1.7,0.89,0.797752808988764,0.5955056179775281
2,0.88,0.7727272727272727,0.5454545454545454
