temperature,mtr1,mtr2,mtr3
0.2,0.95,0.9368421052631579,0.8736842105263158
0.5,0.96,0.9375,0.875
0.8,0.95,0.9157894736842105,0.8315789473684211
1.1,0.94,0.925531914893617,0.851063829787234
1.4,0.92,0.9456521739130435,0.8913043478260869
1.7,0.93,0.8924731182795699,0.7849462365591398
2,0.93,0.9247311827956989,0.8494623655913979
