temperature,mtr1,mtr2,mtr3
0.2,0.82,0.7926829268292683,0.5853658536585366
0.5,0.8,0.6875,0.375
0.8,0.76,0.7631578947368421,0.5263157894736842
1.1,0.79,0.7468354430379747,0.4936708860759494
1.4,0.74,0.7567567567567568,0.5135135135135135
1.7,0.69,0.7536231884057971,0.5072463768115942
2,0.75,0.72,0.44
