temperature,mtr1,mtr2,mtr3
0.2,0.92,0.9239130434782609,0.8478260869565217
0.5,0.93,0.8817204301075269,0.7634408602150538
0.8,0.94,0.9148936170212766,0.8297872340425532
1.1,0.92,0.9347826086956522,0.8695652173913043
1.4,0.9,0.9444444444444444,0.8888888888888888
1.7,0.86,0.9069767441860465,0.813953488372093
2,0.92,0.9021739130434783,0.8043478260869565
