top_p,mtr1,mtr2,mtr3
0.2,0.79,0.7468354430379747,0.4936708860759494
0.4,0.8,0.8125,0.625
0.6,0.78,0.7564102564102564,0.5128205128205128
0.8,0.73,0.7945205479452054,0.589041095890411
1.0,0.78,0.6794871794871795,0.358974358974359
