top_p,mtr1,mtr2,mtr3
0.2,0.91,0.945054945054945,0.8901098901098901
0.4,0.9,0.9444444444444444,0.8888888888888888
0.6,0.93,0.9354838709677419,0.8709677419354839
0.8,0.89,0.8876404494382022,0.7752808988764045
1.0,0.9,0.8888888888888888,0.7777777777777778


