top_p,mtr1,mtr2,mtr3
0.2,0.95,0.9157894736842105,0.8315789473684211
0.4,0.98,0.9183673469387755,0.8367346938775511
0.6,0.97,0.9278350515463918,0.8556701030927835
0.8,0.97,0.8969072164948454,0.7938144329896907
1.0,0.93,0.9032258064516129,0.8064516129032258

