top_p,mtr1,mtr2,mtr3
0.2,0.91,0.8681318681318682,0.7362637362637363
0.4,0.86,0.8837209302325582,0.7674418604651163
0.6,0.9,0.8,0.6
0.8,0.89,0.7865168539325843,0.5730337078651685
1.0,0.9,0.8666666666666667,0.7333333333333333


