top-p,mtr1,mtr2,mtr3
0.95,1.0,0.3015391325132634,-1.039492881986734
