top-p,mtr1,mtr2,mtr3
0.95,1.0,0.9218333333333334,0.9218333333333334
0.95,1.0,0.8988333333333333,0.8988333333333333
0.95,1.0,0.9218333333333334,0.9218333333333334
0.95,1.0,0.9218333333333334,0.9218333333333334
0.95,1.0,0.9313333333333332,0.9313333333333332
