top-p,mtr1,mtr2,mtr3
0.95,1.0,0.8933333333333334,0.7133333333333334
0.95,1.0,0.8566666666666667,0.6966666666666668
0.95,1.0,0.86,0.795
0.95,1.0,0.845,0.76
0.95,1.0,0.8416666666666667,0.5116666666666667
