iterlimit,metric1,metric2,metric3
25,1.0,0.5661514972237591,0.5661514972237591
20,1.0,0.5661514972237591,0.5661514972237591
15,1.0,0.5661514972237591,0.5661514972237591
10,1.0,0.5644014972237591,0.5626514972237592
5,0.95,0.5683549594836562,0.5678286436941825
